"CasId","CodCadenaTv","Nombre","Logo","PuntoReproduccion","FormatoVideo"
"4521","TVE","LA 1","https://estatico.emisiondof6.com/recorte/m-NEONEGR/wpmarcaficha/TVE","http://tvela1-dash-movistarplus.emisiondof6.com/manifest.mpd","HD"
"4522","LA2","LA 2","https://estatico.emisiondof6.com/recorte/m-NEONEGR/wpmarcaficha/LA2","http://la2-dash-movistarplus.emisiondof6.com/manifest.mpd","HD"
"4523","A3","Antena 3","https://estatico.emisiondof6.com/recorte/m-NEONEGR/wpmarcaficha/A3","http://antena3-dash-movistarplus.emisiondof6.com/manifest.mpd","HD"
"4524","C4","Cuatro","https://estatico.emisiondof6.com/recorte/m-NEONEGR/wpmarcaficha/C4","http://cuatro-dash-movistarplus.emisiondof6.com/manifest.mpd","HD"
"4525","T5","Telecinco","https://estatico.emisiondof6.com/recorte/m-NEONEGR/wpmarcaficha/T5","http://tele5-dash-movistarplus.emisiondof6.com/manifest.mpd","HD"
"4526","SEXTA","La Sexta","https://estatico.emisiondof6.com/recorte/m-NEONEGR/wpmarcaficha/SEXTA","http://lasexta-dash-movistarplus.emisiondof6.com/manifest.mpd","HD"
"5240","MPLUS","Movistar Plus+","https://estatico.emisiondof6.com/recorte/m-NEONEGR/wpmarcaficha/MPLUS","http://mplus-dash-movistarplus.emisiondof6.com/manifest.mpd","HD"
"4767","VAMOSD","M+ Vamos","https://estatico.emisiondof6.com/recorte/m-NEONEGR/wpmarcaficha/VAMOSD","http://vamos-dash-movistarplus.emisiondof6.com/manifest.mpd","HD"
"5090","ARAGTV","Aragón TV","https://estatico.emisiondof6.com/recorte/m-NEONEGR/wpmarcaficha/ARAGTV","http://tdttvaragon-dash-movistarplus.emisiondof6.com/manifest.mpd","HD"
"4980","CANSUR","Canal Sur","https://estatico.emisiondof6.com/recorte/m-NEONEGR/wpmarcaficha/CANSUR","http://tdtcsur-dash-movistarplus.emisiondof6.com/manifest.mpd","HD"
"4982","TV3CAT","TV3","https://estatico.emisiondof6.com/recorte/m-NEONEGR/wpmarcaficha/TV3CAT","http://tdttv3-dash-movistarplus.emisiondof6.com/manifest.mpd","SD"
"5089","CANAR","TV Canaria","https://estatico.emisiondof6.com/recorte/m-NEONEGR/wpmarcaficha/CANAR","http://tdttvcanarias-dash-movistarplus.emisiondof6.com/manifest.mpd","HD"
"5265","CASMAN","Castilla la Mancha TV","https://estatico.emisiondof6.com/recorte/m-NEONEGR/wpmarcaficha/CASMAN","http://tdtcastmancha-dash-movistarplus.emisiondof6.com/manifest.mpd","HD"
"5266","CYLTV","La 7","https://estatico.emisiondof6.com/recorte/m-NEONEGR/wpmarcaficha/CYLTV","http://tdtcastleon-dash-movistarplus.emisiondof6.com/manifest.mpd","HD"
"5357","EXTRE","Canal Extremadura","https://estatico.emisiondof6.com/recorte/m-NEONEGR/wpmarcaficha/EXTRE","http://tdtextremad-dash-movistarplus.emisiondof6.com/manifest.mpd","HD"
"4983","TVGAL","TVG -TV Galicia","https://estatico.emisiondof6.com/recorte/m-NEONEGR/wpmarcaficha/TVGAL","http://tdt1galicia-dash-movistarplus.emisiondof6.com/manifest.mpd","HD"
"5091","IB3","IB3","https://estatico.emisiondof6.com/recorte/m-NEONEGR/wpmarcaficha/IB3","http://tdt3ibiza-dash-movistarplus.emisiondof6.com/manifest.mpd","HD"
"4981","TELMAD","Telemadrid","https://estatico.emisiondof6.com/recorte/m-NEONEGR/wpmarcaficha/TELMAD","http://tdttelemadrid-dash-movistarplus.emisiondof6.com/manifest.mpd","HD"
"5088","APUNT","À Punt","https://estatico.emisiondof6.com/recorte/m-NEONEGR/wpmarcaficha/APUNT","http://tdtapuntvalencia-dash-movistarplus.emisiondof6.com/manifest.mpd","HD"
"5356","7TVMUR","7 TV Región Murcia","https://estatico.emisiondof6.com/recorte/m-NEONEGR/wpmarcaficha/7TVMUR","http://tdtmurcia-dash-movistarplus.emisiondof6.com/manifest.mpd","HD"
"5074","ETB1","ETB 1","https://estatico.emisiondof6.com/recorte/m-NEONEGR/wpmarcaficha/ETB1","http://tdt1etb-dash-movistarplus.emisiondof6.com/manifest.mpd","HD"
"5210","NAVA","Navarra TV","https://estatico.emisiondof6.com/recorte/m-NEONEGR/wpmarcaficha/NAVA","http://tdtnavarra-dash-movistarplus.emisiondof6.com/manifest.mpd","HD"
"4501","MV1","M+ Estrenos","https://estatico.emisiondof6.com/recorte/m-NEONEGR/wpmarcaficha/MV1","http://m1estrenos-dash-movistarplus.emisiondof6.com/manifest.mpd","HD"
"4527","MHITS","M+ Hits","https://estatico.emisiondof6.com/recorte/m-NEONEGR/wpmarcaficha/MHITS","http://m1hits-dash-movistarplus.emisiondof6.com/manifest.mpd","HD"
"5259","MORIG","M+ Originales","https://estatico.emisiondof6.com/recorte/m-NEONEGR/wpmarcaficha/MORIG","http://moriginales-dash-movistarplus.emisiondof6.com/manifest.mpd","HD"
"4955","ML90","M+ Los 90","https://estatico.emisiondof6.com/recorte/m-NEONEGR/wpmarcaficha/ML90","http://1popup-dash-movistarplus.emisiondof6.com/manifest.mpd","HD"
"5245","MDOC","M+ Documentales","https://estatico.emisiondof6.com/recorte/m-NEONEGR/wpmarcaficha/MDOC","http://mdocumentales-dash-movistarplus.emisiondof6.com/manifest.mpd","HD"
"5252","MMUSIC","Musicales por M+","https://estatico.emisiondof6.com/recorte/m-NEONEGR/wpmarcaficha/MMUSIC","http://02popup-dash-movistarplus.emisiondof6.com/manifest.mpd","HD"
"4999","MCLAS","M+ Clásicos","https://estatico.emisiondof6.com/recorte/m-NEONEGR/wpmarcaficha/MCLAS","http://mclasicos-dash-movistarplus.emisiondof6.com/manifest.mpd","HD"
"4542","CPACCI","M+ Acción","https://estatico.emisiondof6.com/recorte/m-NEONEGR/wpmarcaficha/CPACCI","http://accion-dash-movistarplus.emisiondof6.com/manifest.mpd","HD"
"4573","CPCOME","M+ Comedia","https://estatico.emisiondof6.com/recorte/m-NEONEGR/wpmarcaficha/CPCOME","http://comedia-dash-movistarplus.emisiondof6.com/manifest.mpd","HD"
"4576","CPCOLE","M+ Drama","https://estatico.emisiondof6.com/recorte/m-NEONEGR/wpmarcaficha/CPCOLE","http://drama-dash-movistarplus.emisiondof6.com/manifest.mpd","HD"
"5249","MINDI","M+ Indie","https://estatico.emisiondof6.com/recorte/m-NEONEGR/wpmarcaficha/MINDI","http://mindie-dash-movistarplus.emisiondof6.com/manifest.mpd","HD"
"4502","DCESP","M+ Cine Español","https://estatico.emisiondof6.com/recorte/m-NEONEGR/wpmarcaficha/DCESP","http://espanol-dash-movistarplus.emisiondof6.com/manifest.mpd","HD"
"5333","MAXAVA","Max Avances","https://estatico.emisiondof6.com/recorte/m-NEONEGR/wpmarcaficha/MAXAVA","http://01max-dash-movistarplus.emisiondof6.com/manifest.mpd","HD"
"5271","SKYSHO","SkyShowtime 1","https://estatico.emisiondof6.com/recorte/m-NEONEGR/wpmarcaficha/SKYSHO","http://01sky-dash-movistarplus.emisiondof6.com/manifest.mpd","HD"
"4603","TCM","TCM","https://estatico.emisiondof6.com/recorte/m-NEONEGR/wpmarcaficha/TCM","http://tcm-dash-movistarplus.emisiondof6.com/manifest.mpd","HD"
"5363","BBDRA","BBC Drama","https://estatico.emisiondof6.com/recorte/m-NEONEGR/wpmarcaficha/BBDRA","http://dramabbc-dash-movistarplus.emisiondof6.com/manifest.mpd","HD"
"5369","BBGEA","BBC Top Gear","https://estatico.emisiondof6.com/recorte/m-NEONEGR/wpmarcaficha/BBGEA","http://topgearbbc-dash-movistarplus.emisiondof6.com/manifest.mpd","HD"
"4586","PARCH","Paramount Network","https://estatico.emisiondof6.com/recorte/m-NEONEGR/wpmarcaficha/PARCH","http://paramount-dash-movistarplus.emisiondof6.com/manifest.mpd","HD"
"4560","BEMAD","BE MAD","https://estatico.emisiondof6.com/recorte/m-NEONEGR/wpmarcaficha/BEMAD","http://bemad-dash-movistarplus.emisiondof6.com/manifest.mpd","HD"
"4528","FOXGE","STAR Channel","https://estatico.emisiondof6.com/recorte/m-NEONEGR/wpmarcaficha/FOXGE","http://01star-dash-movistarplus.emisiondof6.com/manifest.mpd","HD"
"4529","AXN","AXN","https://estatico.emisiondof6.com/recorte/m-NEONEGR/wpmarcaficha/AXN","http://1axn-dash-movistarplus.emisiondof6.com/manifest.mpd","HD"
"4530","TNT","Warner TV","https://estatico.emisiondof6.com/recorte/m-NEONEGR/wpmarcaficha/TNT","http://tvwarner-dash-movistarplus.emisiondof6.com/manifest.mpd","HD"
"4531","PCM","Comedy Central","https://estatico.emisiondof6.com/recorte/m-NEONEGR/wpmarcaficha/PCM","http://comedycentral-dash-movistarplus.emisiondof6.com/manifest.mpd","HD"
"4532","CL13","Calle 13","https://estatico.emisiondof6.com/recorte/m-NEONEGR/wpmarcaficha/CL13","http://calle13-dash-movistarplus.emisiondof6.com/manifest.mpd","HD"
"4533","COSMO","COSMO","https://estatico.emisiondof6.com/recorte/m-NEONEGR/wpmarcaficha/COSMO","http://cosmo-dash-movistarplus.emisiondof6.com/manifest.mpd","HD"
"4536","SCI-FI","SYFY","https://estatico.emisiondof6.com/recorte/m-NEONEGR/wpmarcaficha/SCI-FI","http://syfy-dash-movistarplus.emisiondof6.com/manifest.mpd","HD"
"4535","SET","AXN Movies","https://estatico.emisiondof6.com/recorte/m-NEONEGR/wpmarcaficha/SET","http://moviesaxn-dash-movistarplus.emisiondof6.com/manifest.mpd","HD"
"5094","13TV","TRECE","https://estatico.emisiondof6.com/recorte/m-NEONEGR/wpmarcaficha/13TV","http://tdt13tv-dash-movistarplus.emisiondof6.com/manifest.mpd","HD"
"4540","ENERGY","Energy","https://estatico.emisiondof6.com/recorte/m-NEONEGR/wpmarcaficha/ENERGY","http://energy-dash-movistarplus.emisiondof6.com/manifest.mpd","HD"
"4537","FDFIC","Factoría de Ficción","https://estatico.emisiondof6.com/recorte/m-NEONEGR/wpmarcaficha/FDFIC","http://fdf-dash-movistarplus.emisiondof6.com/manifest.mpd","HD"
"4538","NEOX","Neox","https://estatico.emisiondof6.com/recorte/m-NEONEGR/wpmarcaficha/NEOX","http://neox-dash-movistarplus.emisiondof6.com/manifest.mpd","HD"
"4539","ATRESS","Atreseries","https://estatico.emisiondof6.com/recorte/m-NEONEGR/wpmarcaficha/ATRESS","http://a3series-dash-movistarplus.emisiondof6.com/manifest.mpd","HD"
"4882","MLIGA","M+ LALIGA TV","https://estatico.emisiondof6.com/recorte/m-NEONEGR/wpmarcaficha/MLIGA","http://mlaliga-dash-movistarplus.emisiondof6.com/manifest.mpd","HD"
"5119","DAZNLI","DAZN LALIGA","https://estatico.emisiondof6.com/recorte/m-NEONEGR/wpmarcaficha/DAZNLI","http://01daznliga-dash-movistarplus.emisiondof6.com/manifest.mpd","HD"
"5124","MLIGS","LALIGA TV HYPERMOTION","https://estatico.emisiondof6.com/recorte/m-NEONEGR/wpmarcaficha/MLIGS","http://msegdiv-dash-movistarplus.emisiondof6.com/manifest.mpd","HD"
"4833","MLIG1","M+ LALIGA TV 2","https://estatico.emisiondof6.com/recorte/m-NEONEGR/wpmarcaficha/MLIG1","http://2liga-dash-movistarplus.emisiondof6.com/manifest.mpd","HD"
"5120","DAZNL2","DAZN LALIGA 2","https://estatico.emisiondof6.com/recorte/m-NEONEGR/wpmarcaficha/DAZNL2","http://02daznliga-dash-movistarplus.emisiondof6.com/manifest.mpd","HD"
"5127","MLIGS2","LALIGA TV HYPERMOTION 2","https://estatico.emisiondof6.com/recorte/m-NEONEGR/wpmarcaficha/MLIGS2","http://2segdiv-dash-movistarplus.emisiondof6.com/manifest.mpd","HD"
"4594","CHAPIO","M+ Liga de Campeones","https://estatico.emisiondof6.com/recorte/m-NEONEGR/wpmarcaficha/CHAPIO","http://mligacampeones-dash-movistarplus.emisiondof6.com/manifest.mpd","HD"
"4581","CHAP1","M+ Liga de Campeones 2","https://estatico.emisiondof6.com/recorte/m-NEONEGR/wpmarcaficha/CHAP1","http://02campeones-dash-movistarplus.emisiondof6.com/manifest.mpd","HD"
"4564","CHAP2","M+ Liga de Campeones  3","https://estatico.emisiondof6.com/recorte/m-NEONEGR/wpmarcaficha/CHAP2","http://03campeones-dash-movistarplus.emisiondof6.com/manifest.mpd","HD"
"4592","CPDEP","M+ Deportes","https://estatico.emisiondof6.com/recorte/m-NEONEGR/wpmarcaficha/CPDEP","http://mdeportes-dash-movistarplus.emisiondof6.com/manifest.mpd","HD"
"4585","ARTHUR","M+ Deportes 2","https://estatico.emisiondof6.com/recorte/m-NEONEGR/wpmarcaficha/ARTHUR","http://2multidep-dash-movistarplus.emisiondof6.com/manifest.mpd","HD"
"4556","USOP2","M+ Deportes 3","https://estatico.emisiondof6.com/recorte/m-NEONEGR/wpmarcaficha/USOP2","http://3multidep-dash-movistarplus.emisiondof6.com/manifest.mpd","HD"
"5093","MELLAV","M+ Ellas V","https://estatico.emisiondof6.com/recorte/m-NEONEGR/wpmarcaficha/MELLAV","http://ellasv-dash-movistarplus.emisiondof6.com/manifest.mpd","HD"
"4584","GOLF+","M+ Golf","https://estatico.emisiondof6.com/recorte/m-NEONEGR/wpmarcaficha/GOLF%2B","http://mgolf-dash-movistarplus.emisiondof6.com/manifest.mpd","HD"
"5196","GOLF2","M+ Golf 2","https://estatico.emisiondof6.com/recorte/m-NEONEGR/wpmarcaficha/GOLF2","http://2golf-dash-movistarplus.emisiondof6.com/manifest.mpd","HD"
"4608","MVF1","DAZN F1","https://estatico.emisiondof6.com/recorte/m-NEONEGR/wpmarcaficha/MVF1","http://formula1-dash-movistarplus.emisiondof6.com/manifest.mpd","HD"
"4949","M1SD","DAZN 1","https://estatico.emisiondof6.com/recorte/m-NEONEGR/wpmarcaficha/M1SD","http://01dazn-dash-movistarplus.emisiondof6.com/manifest.mpd","HD"
"4950","M2SD","DAZN 2","https://estatico.emisiondof6.com/recorte/m-NEONEGR/wpmarcaficha/M2SD","http://02dazn-dash-movistarplus.emisiondof6.com/manifest.mpd","HD"
"4605","ESP","Eurosport 1","https://estatico.emisiondof6.com/recorte/m-NEONEGR/wpmarcaficha/ESP","http://eurosport1-dash-movistarplus.emisiondof6.com/manifest.mpd","HD"
"4580","ESP2","Eurosport 2","https://estatico.emisiondof6.com/recorte/m-NEONEGR/wpmarcaficha/ESP2","http://eurosport2-dash-movistarplus.emisiondof6.com/manifest.mpd","HD"
"4577","GOL","GOL PLAY","https://estatico.emisiondof6.com/recorte/m-NEONEGR/wpmarcaficha/GOL","http://goltv-dash-movistarplus.emisiondof6.com/manifest.mpd","HD"
"4504","TDEP","Teledeporte","https://estatico.emisiondof6.com/recorte/m-NEONEGR/wpmarcaficha/TDEP","http://teledeporte-dash-movistarplus.emisiondof6.com/manifest.mpd","HD"
"5198","REALM","Real Madrid TV","https://estatico.emisiondof6.com/recorte/m-NEONEGR/wpmarcaficha/REALM","http://realmadrid-dash-movistarplus.emisiondof6.com/manifest.mpd","HD"
"4606","CAZPES","Caza y Pesca","https://estatico.emisiondof6.com/recorte/m-NEONEGR/wpmarcaficha/CAZPES","http://cazaypesca-dash-movistarplus.emisiondof6.com/manifest.mpd","HD"
"5273","GARAGE","El Garage TV","https://estatico.emisiondof6.com/recorte/m-NEONEGR/wpmarcaficha/GARAGE","http://garagetv-dash-movistarplus.emisiondof6.com/manifest.mpd","SD"
"4886","UBEAT","Ubeat","https://estatico.emisiondof6.com/recorte/m-NEONEGR/wpmarcaficha/UBEAT","http://ubeat-dash-movistarplus.emisiondof6.com/manifest.mpd","HD"
"4604","NATGEO","National Geographic","https://estatico.emisiondof6.com/recorte/m-NEONEGR/wpmarcaficha/NATGEO","http://geonat-dash-movistarplus.emisiondof6.com/manifest.mpd","HD"
"4610","NATGW","Nat Geo Wild","https://estatico.emisiondof6.com/recorte/m-NEONEGR/wpmarcaficha/NATGW","http://wildnatgeo-dash-movistarplus.emisiondof6.com/manifest.mpd","HD"
"5366","BBHIS","BBC History","https://estatico.emisiondof6.com/recorte/m-NEONEGR/wpmarcaficha/BBHIS","http://historybbc-dash-movistarplus.emisiondof6.com/manifest.mpd","HD"
"4545","DCR","Discovery","https://estatico.emisiondof6.com/recorte/m-NEONEGR/wpmarcaficha/DCR","http://discovery-dash-movistarplus.emisiondof6.com/manifest.mpd","HD"
"5244","DCRMAX","DMAX","https://estatico.emisiondof6.com/recorte/m-NEONEGR/wpmarcaficha/DCRMAX","http://dmax-dash-movistarplus.emisiondof6.com/manifest.mpd","HD"
"5360","BBFOO","BBC Food","https://estatico.emisiondof6.com/recorte/m-NEONEGR/wpmarcaficha/BBFOO","http://foodbbc-dash-movistarplus.emisiondof6.com/manifest.mpd","HD"
"5246","DKISS","DKISS","https://estatico.emisiondof6.com/recorte/m-NEONEGR/wpmarcaficha/DKISS","http://dkiss-dash-movistarplus.emisiondof6.com/manifest.mpd","HD"
"4507","DIVINI","Divinity","https://estatico.emisiondof6.com/recorte/m-NEONEGR/wpmarcaficha/DIVINI","http://divinity-dash-movistarplus.emisiondof6.com/manifest.mpd","HD"
"4601","NOVA","Nova","https://estatico.emisiondof6.com/recorte/m-NEONEGR/wpmarcaficha/NOVA","http://nova-dash-movistarplus.emisiondof6.com/manifest.mpd","HD"
"4558","MEGA","Mega","https://estatico.emisiondof6.com/recorte/m-NEONEGR/wpmarcaficha/MEGA","http://mega-dash-movistarplus.emisiondof6.com/manifest.mpd","HD"
"5253","TEN","Ten","https://estatico.emisiondof6.com/recorte/m-NEONEGR/wpmarcaficha/TEN","http://tvten-dash-movistarplus.emisiondof6.com/manifest.mpd","HD"
"4508","BABY","Baby TV","https://estatico.emisiondof6.com/recorte/m-NEONEGR/wpmarcaficha/BABY","http://babytv-dash-movistarplus.emisiondof6.com/manifest.mpd","SD"
"4509","PLAYDC","Disney Junior","https://estatico.emisiondof6.com/recorte/m-NEONEGR/wpmarcaficha/PLAYDC","http://jrdisney-dash-movistarplus.emisiondof6.com/manifest.mpd","HD"
"4511","NICKJR","NICK JR","https://estatico.emisiondof6.com/recorte/m-NEONEGR/wpmarcaficha/NICKJR","http://jrnick-dash-movistarplus.emisiondof6.com/manifest.mpd","HD"
"4512","NICK","Nickelodeon","https://estatico.emisiondof6.com/recorte/m-NEONEGR/wpmarcaficha/NICK","http://nickelodeon-dash-movistarplus.emisiondof6.com/manifest.mpd","HD"
"4965","DWSP","Dreamworks","https://estatico.emisiondof6.com/recorte/m-NEONEGR/wpmarcaficha/DWSP","http://dreamworks-dash-movistarplus.emisiondof6.com/manifest.mpd","HD"
"4563","BOING","Boing","https://estatico.emisiondof6.com/recorte/m-NEONEGR/wpmarcaficha/BOING","http://boing-dash-movistarplus.emisiondof6.com/manifest.mpd","SD"
"4611","CLANTV","Clan TVE","https://estatico.emisiondof6.com/recorte/m-NEONEGR/wpmarcaficha/CLANTV","http://clan-dash-movistarplus.emisiondof6.com/manifest.mpd","HD"
"4499","MTV","MTV","https://estatico.emisiondof6.com/recorte/m-NEONEGR/wpmarcaficha/MTV","http://espanamtv-dash-movistarplus.emisiondof6.com/manifest.mpd","SD"
"4567","VH1","MTV 00s","https://estatico.emisiondof6.com/recorte/m-NEONEGR/wpmarcaficha/VH1","http://00smtv-dash-movistarplus.emisiondof6.com/manifest.mpd","SD"
"4571","MEZZO","Mezzo","https://estatico.emisiondof6.com/recorte/m-NEONEGR/wpmarcaficha/MEZZO","http://sdmezzo-dash-movistarplus.emisiondof6.com/manifest.mpd","HD"
"4891","MEZZLI","Mezzo Live","https://estatico.emisiondof6.com/recorte/m-NEONEGR/wpmarcaficha/MEZZLI","http://livehdmezzo-dash-movistarplus.emisiondof6.com/manifest.mpd","SD"
"4612","CLASSD","Classica","https://estatico.emisiondof6.com/recorte/m-NEONEGR/wpmarcaficha/CLASSD","http://clasica-dash-movistarplus.emisiondof6.com/manifest.mpd","HD"
"4544","24H","24 Horas","https://estatico.emisiondof6.com/recorte/m-NEONEGR/wpmarcaficha/24H","http://24horas-dash-movistarplus.emisiondof6.com/manifest.mpd","HD"
"5256","BBC","BBC World","https://estatico.emisiondof6.com/recorte/m-NEONEGR/wpmarcaficha/BBC","http://worldbbc-dash-movistarplus.emisiondof6.com/manifest.mpd","SD"
"5254","CNN","CNN Int","https://estatico.emisiondof6.com/recorte/m-NEONEGR/wpmarcaficha/CNN","http://intcnn-dash-movistarplus.emisiondof6.com/manifest.mpd","SD"
"5255","ENW","Euronews","https://estatico.emisiondof6.com/recorte/m-NEONEGR/wpmarcaficha/ENW","http://1euronews-dash-movistarplus.emisiondof6.com/manifest.mpd","SD"
"5281","ALJAZE","Al Jazeera English","https://estatico.emisiondof6.com/recorte/m-NEONEGR/wpmarcaficha/ALJAZE","http://aljazeera-dash-movistarplus.emisiondof6.com/manifest.mpd","HD"
"5282","FRANCE","FRANCE24 (FR)","https://estatico.emisiondof6.com/recorte/m-NEONEGR/wpmarcaficha/FRANCE","http://24france-dash-movistarplus.emisiondof6.com/manifest.mpd","SD"
"5283","INTEUA","1+1 Internacional","https://estatico.emisiondof6.com/recorte/m-NEONEGR/wpmarcaficha/INTEUA","http://11int-dash-movistarplus.emisiondof6.com/manifest.mpd","SD"
"5284","NBC","CNBC","https://estatico.emisiondof6.com/recorte/m-NEONEGR/wpmarcaficha/NBC","http://01cnbc-dash-movistarplus.emisiondof6.com/manifest.mpd","HD"
"5285","TV5","TV5MONDE","https://estatico.emisiondof6.com/recorte/m-NEONEGR/wpmarcaficha/TV5","http://tv5monde-dash-movistarplus.emisiondof6.com/manifest.mpd","SD"
"5286","BL","Bloomberg","https://estatico.emisiondof6.com/recorte/m-NEONEGR/wpmarcaficha/BL","http://tvbloomberg-dash-movistarplus.emisiondof6.com/manifest.mpd","SD"
"4893","INTECO","El Toro TV","https://estatico.emisiondof6.com/recorte/m-NEONEGR/wpmarcaficha/INTECO","http://eltorotv-dash-movistarplus.emisiondof6.com/manifest.mpd","HD"
"4985","NEGOTV","Negocios TV","https://estatico.emisiondof6.com/recorte/m-NEONEGR/wpmarcaficha/NEGOTV","http://negociostv-dash-movistarplus.emisiondof6.com/manifest.mpd","SD"
"5287","CCTV-E","CGTN Español","https://estatico.emisiondof6.com/recorte/m-NEONEGR/wpmarcaficha/CCTV-E","http://cgtn-dash-movistarplus.emisiondof6.com/manifest.mpd","SD"
"5414","UCL","UCL","https://estatico.emisiondof6.com/recorte/m-NEONEGR/wpmarcaficha/UCL","http://tvucl-dash-movistarplus.emisiondof6.com/manifest.mpd","SD"
"4764","ANTV","Canal Sur Andalucía","https://estatico.emisiondof6.com/recorte/m-NEONEGR/wpmarcaficha/ANTV","http://csur-dash-movistarplus.emisiondof6.com/manifest.mpd","HD"
"4548","TVG","TVG Europa","https://estatico.emisiondof6.com/recorte/m-NEONEGR/wpmarcaficha/TVG","http://galicia-dash-movistarplus.emisiondof6.com/manifest.mpd","SD"
"4614","EXTREM","Canal Extremadura Sat","https://estatico.emisiondof6.com/recorte/m-NEONEGR/wpmarcaficha/EXTREM","http://extremadura-dash-movistarplus.emisiondof6.com/manifest.mpd","SD"
"4615","ARAGON","Aragón TV Int","https://estatico.emisiondof6.com/recorte/m-NEONEGR/wpmarcaficha/ARAGON","http://aragon-dash-movistarplus.emisiondof6.com/manifest.mpd","SD"
"4557","ETB","EITB Basque","https://estatico.emisiondof6.com/recorte/m-NEONEGR/wpmarcaficha/ETB","http://etb-dash-movistarplus.emisiondof6.com/manifest.mpd","SD"
"4555","TVC","TV3 Cat","https://estatico.emisiondof6.com/recorte/m-NEONEGR/wpmarcaficha/TVC","http://tv3cat-dash-movistarplus.emisiondof6.com/manifest.mpd","HD"
"5092","TELMIN","Telemadrid Int.","https://estatico.emisiondof6.com/recorte/m-NEONEGR/wpmarcaficha/TELMIN","http://inttelemadrid-dash-movistarplus.emisiondof6.com/manifest.mpd","HD"
"4834","MLIG2","M+ LALIGA TV 3","https://estatico.emisiondof6.com/recorte/m-NEONEGR/wpmarcaficha/MLIG2","http://3liga-dash-movistarplus.emisiondof6.com/manifest.mpd","HD"
"4835","MLIG3","M+ LALIGA TV 4","https://estatico.emisiondof6.com/recorte/m-NEONEGR/wpmarcaficha/MLIG3","http://4liga-dash-movistarplus.emisiondof6.com/manifest.mpd","HD"
"5264","MPLUS2","Movistar Plus+ 2","https://estatico.emisiondof6.com/recorte/m-NEONEGR/wpmarcaficha/MPLUS2","http://2plus-dash-movistarplus.emisiondof6.com/manifest.mpd","HD"
"5137","MLIGS3","LALIGA TV HYPERMOTION 3","https://estatico.emisiondof6.com/recorte/m-NEONEGR/wpmarcaficha/MLIGS3","http://3segdiv-dash-movistarplus.emisiondof6.com/manifest.mpd","HD"
"4565","CHAP3","M+ Liga de Campeones  4","https://estatico.emisiondof6.com/recorte/m-NEONEGR/wpmarcaficha/CHAP3","http://04campeones-dash-movistarplus.emisiondof6.com/manifest.mpd","HD"
"4568","CHAP4","M+ Liga de Campeones 5","https://estatico.emisiondof6.com/recorte/m-NEONEGR/wpmarcaficha/CHAP4","http://05campeones-dash-movistarplus.emisiondof6.com/manifest.mpd","HD"
"4570","CHAP5","M+ Liga de Campeones 6","https://estatico.emisiondof6.com/recorte/m-NEONEGR/wpmarcaficha/CHAP5","http://06campeones-dash-movistarplus.emisiondof6.com/manifest.mpd","HD"
"4572","CHAP6","M+ Liga de Campeones 7","https://estatico.emisiondof6.com/recorte/m-NEONEGR/wpmarcaficha/CHAP6","http://07campeones-dash-movistarplus.emisiondof6.com/manifest.mpd","HD"
"4574","CHAP7","M+ Liga de Campeones 8","https://estatico.emisiondof6.com/recorte/m-NEONEGR/wpmarcaficha/CHAP7","http://08campeones-dash-movistarplus.emisiondof6.com/manifest.mpd","HD"
"4578","CHAP8","M+ Liga de Campeones 9","https://estatico.emisiondof6.com/recorte/m-NEONEGR/wpmarcaficha/CHAP8","http://09campeones-dash-movistarplus.emisiondof6.com/manifest.mpd","HD"
"5003","CHAP9","M+ Liga de Campeones 10","https://estatico.emisiondof6.com/recorte/m-NEONEGR/wpmarcaficha/CHAP9","http://10campeones-dash-movistarplus.emisiondof6.com/manifest.mpd","HD"
"5007","CHAP10","M+ Liga de Campeones 11","https://estatico.emisiondof6.com/recorte/m-NEONEGR/wpmarcaficha/CHAP10","http://11campeones-dash-movistarplus.emisiondof6.com/manifest.mpd","HD"
"5017","CHAP11","M+ Liga de Campeones 12","https://estatico.emisiondof6.com/recorte/m-NEONEGR/wpmarcaficha/CHAP11","http://12campeones-dash-movistarplus.emisiondof6.com/manifest.mpd","HD"
"5021","CHAP12","M+ Liga de Campeones 13","https://estatico.emisiondof6.com/recorte/m-NEONEGR/wpmarcaficha/CHAP12","http://13campeones-dash-movistarplus.emisiondof6.com/manifest.mpd","SD"
"4561","USOP3","M+ Deportes 4","https://estatico.emisiondof6.com/recorte/m-NEONEGR/wpmarcaficha/USOP3","http://4multidep-dash-movistarplus.emisiondof6.com/manifest.mpd","HD"
"4562","USOP11","M+ Deportes 5","https://estatico.emisiondof6.com/recorte/m-NEONEGR/wpmarcaficha/USOP11","http://5multidep-dash-movistarplus.emisiondof6.com/manifest.mpd","HD"
"4566","MULTI8","M+ Deportes 6","https://estatico.emisiondof6.com/recorte/m-NEONEGR/wpmarcaficha/MULTI8","http://6multidep-dash-movistarplus.emisiondof6.com/manifest.mpd","HD"
"4569","MULTI6","M+ Deportes 7","https://estatico.emisiondof6.com/recorte/m-NEONEGR/wpmarcaficha/MULTI6","http://7multidep-dash-movistarplus.emisiondof6.com/manifest.mpd","SD"
"4769","MULTI9","M+ Deportes 8","https://estatico.emisiondof6.com/recorte/m-NEONEGR/wpmarcaficha/MULTI9","http://8multidep-dash-movistarplus.emisiondof6.com/manifest.mpd","SD"
"4961","DAZN3","DAZN 3","https://estatico.emisiondof6.com/recorte/m-NEONEGR/wpmarcaficha/DAZN3","http://dazn3-dash-movistarplus.emisiondof6.com/manifest.mpd","HD"
"4962","DAZN4","DAZN 4","https://estatico.emisiondof6.com/recorte/m-NEONEGR/wpmarcaficha/DAZN4","http://dazn4-dash-movistarplus.emisiondof6.com/manifest.mpd","HD"
"5077","MLIGUH","M+ LALIGA TV UHD","https://estatico.emisiondof6.com/recorte/m-NEONEGR/wpmarcaficha/MLIGUH","http://uhdlaliga-dash-movistarplus.emisiondof6.com/manifestuhd.mpd","4K"
"5418","CHHDR","M+ Liga de Campeones HDR","https://estatico.emisiondof6.com/recorte/m-NEONEGR/wpmarcaficha/CHHDR","http://uhdmcampeones-dash-movistarplus.emisiondof6.com/manifestuhd.mpd","HD"
"5424","CHHDR2","M+ Liga de Campeones2 HDR","https://estatico.emisiondof6.com/recorte/m-NEONEGR/wpmarcaficha/CHHDR2","http://uhd2mcamp-dash-movistarplus.emisiondof6.com/manifestuhd.mpd","HD"
